--test users have the password "password"
--test PINs: Server 1111, Bartender 2222, Manager 3333

INSERT INTO user_roles (id, name)
VALUES (1, 'trainee'), (2, 'employee'), (3, 'cook'), (4, 'host'), (5, 'server'), (6, 'bartender'), (7, 'head-server'), (8, 'bar-manager'), (9, 'chef') , (10, 'manager'), (11, 'owner');

INSERT INTO users (id, username, password, pin, display_name, first_name, last_name, role_id)
VALUES (1,
'server',
'$2b$12$AZH7virni5jlTTiGgEg4zu3lSvAw68qVEfSIOjJ3RqtbJbdW/Oi5q',
1111,
'TestServer',
'Server-First',
'Server-Last',
5),
(2,
'bartender',
'$2b$12$AZH7virni5jlTTiGgEg4zu3lSvAw68qVEfSIOjJ3RqtbJbdW/Oi5q',
2222,
'TestBartender',
'Bartender-First',
'Bartender-Last',
6),
(3,
'manager',
'$2b$12$AZH7virni5jlTTiGgEg4zu3lSvAw68qVEfSIOjJ3RqtbJbdW/Oi5q',
3333,
'TestManager',
'Manager-First',
'Manager-Last',
10);

-- INSERT INTO log_events (id, type)
-- VALUES (1, 'clock-in'), (2, 'clock-out'), (3, 'cash-out'),(4, 'open-shift'), (5, 'close-shift'), (6, 'open-day'), (7, 'close-day'), (8, 'discount-item'), (9, 'discount-check');

INSERT INTO item_categories (id, name)
VALUES (1, 'Appetizer'),  (2, 'Soup'), (3, 'Salad'), (4, 'Sandwich'), (5, 'Entree'), (6, 'Addition'), (7, 'Dessert'), (8, 'Favorites'), (9, 'Beverage'), (10, 'Beer'), (11, 'Wine'), (12, 'Liquor'),(13, 'Children'), (14, 'Carryout'), (15, 'Delivery');

INSERT INTO destinations (id, name)
VALUES (1, 'Kitchen-Hot'), (2, 'Kitchen-Cold'),(3, 'Bar'), (4, 'No-Send');

INSERT INTO items (name, description, price, category_id, destination_id)
VALUES ('Chicken Wings',
'A full pound of wings, deep-fried served plain, mild or hot',
8.99,
1,
1),
('Boneless Chicken Tenders',
'A heaping portion of Grad-A chicken tenders breaded, deep fried and served plain, mild hot, four-alarm or Cajun-garlic',
8.99,
1,
1),
('Warm Spinach Dip',
'Sauteed baby spinach w/ minced garlic, mozzarella and cheddar',
8.99,
1,
1),
('Potato Skins',
'Baked w/ mozarella, cheddar and crumbled bacon topped w/ sour cream',
7.99,
1,
1),
('New England Clam Chowdah',
'A classic creamy favorite',
5.99,
2,
2),
('Soup du Jour',
'Ask your server',
5.99,
2,
2),
('Caesar Salad',
'Crisp romaine lettuce w/ classic Caesar ingredients',
6.99,
3,
2),
('Walnut Chicken Salad',
'Carmelized walnut-encrusted chicken breast over crisp mesclun greens',
13.99,
3,
2),
('The Angry Angus',
'A full pound of wings, deep-fried served plain, mild or hot',
8.99,
4,
1),
('The ABC',
'Crisp sliced Granny Smith apples, applewood-smoked bacon and Wisconsin cheddar cheese',
9.99,
4,
1),
('The Caprese',
'Buffalo mozarella and fresh jicy tomato on toasted sourdough',
8.99,
4,
1),
('Sirloin Tips',
'A huge 1 pound portion of 100% certified-Angus beef tips grilled to perfection',
17.99,
5,
1),
('Baked Stuffed Haddock',
'Tender local haddock stuffed w/ scollop & bread crumb stuffing',
14.99,
5,
1),
('Fish & Chips',
'Fresh local haddock beer-battered until juicy and golden brown',
13.99,
5,
1),
('Baked Brie',
'Deliciously baked Brie cheese topped w/ caramelized maple walnuts and roasted garlic',
11.99,
6,
1),
('Rib-Eye Steak',
'Fresh Angus Beef served with choice of potato and vegetable of the day',
19.99,
6,
1),
('Baked Alaska',
'Ice cream filled baked merringue. A delight',
5.99,
6,
1),
('Chocolate Lava Cake',
'Rich chocoalte cake with a molten chocoloate center',
6.99,
7,
2),
('Lemon Sorbet',
'Fresh and light. A great finish to a meal',
5.99,
7,
2),
('Creme Brulee',
'Creamy custard with crisp carmelized sugar',
5.99,
7,
2),
('Coke',
NULL,
.99,
9,
4),
('Diet Coke',
NULL,
.99,
9,
4),
('Sprite',
NULL,
.99,
9,
4),
('Lemaonade',
NULL,
.99,
9,
4),
('Ice Tea',
NULL,
.99,
9,
4),
('Cosmopolitan',
NULL,
11,
12,
3),
('Lemon Drop Martini',
NULL,
10,
12,
3),
('Dark and Stormy',
NULL,
9,
12,
3),
('Long Island Ice Tea',
NULL,
9,
12,
3),
('Boschetto Pinot Grigio Glass',
NULL,
9,
11,
3),
('La Crema Chardonnay Glass',
NULL,
9,
11,
3),
('14 Hands Merlot Glass',
NULL,
8,
11,
3),
('Wildhorse Pinot Noir Glass',
NULL,
8,
11,
3),
('Sterling Cabernet Glass',
NULL,
8,
11,
3),
('Curious Traveler',
NULL,
4,
10,
3),
('Sam Adams',
NULL,
5,
10,
3),
('Mayflower Porter',
NULL,
6,
10,
3);

INSERT INTO payment_types (id, type)
VALUES (1, 'Cash'), (2, 'MC'), (3, 'Visa'), (4, 'Amex'), (5, 'Discover'), (6, 'Apple-Pay'), (7, 'Google-Pay'), (8, 'Venmo');

INSERT INTO restaurant_info (id, restaurant_name, address, city, state, zip_code, phone_number, website, state_tax_rate)
VALUES ('1a',
'The Duck Inn Pub',
'447 Main St',
'Hyannis',
'MA',
'02601',
'508-827-7343',
'www.duckinnpub.com',
6.25);